"road_type","id_vehicle","vehicles_percentage","road_slope"
"rural",0,"10",NULL
"highway",0,"10",NULL
"urban",1,"80",NULL
"rural",1,"10",NULL
"highway",1,"10",NULL
"urban",2,"80",NULL
"rural",2,"10",NULL
"urban",3,"80",NULL
"rural",3,"10",NULL
"highway",3,"10",NULL
"urban",4,"80",NULL
"rural",4,"10",NULL
"highway",4,"10",NULL
"urban",5,"80",NULL
"rural",5,"10",NULL
"highway",5,"10",NULL
"urban",6,"80",NULL
"highway",6,"10",NULL
"urban",7,"80",NULL
"rural",7,"10",NULL
"highway",7,"10",NULL
"urban",8,"80",NULL
"rural",8,"10",NULL
"highway",8,"10",NULL
"urban",9,"80",NULL
"rural",9,"10",NULL
"highway",9,"10",NULL
"rural",10,"10",NULL
"highway",10,"10",NULL
"urban",11,"80",NULL
"rural",11,"10",NULL
"highway",11,"10",NULL
"urban",12,"80",NULL
"rural",12,"10",NULL
"highway",12,"10",NULL
"urban",13,"80",NULL
"rural",13,"10",NULL
"urban",14,"80",NULL
"rural",14,"10",NULL
"highway",14,"10",NULL
"urban",15,"80",NULL
"rural",15,"10",NULL
"highway",15,"10",NULL
"urban",16,"80",NULL
"rural",16,"10",NULL
"highway",16,"10",NULL
"urban",17,"80",NULL
"highway",17,"10",NULL
"urban",18,"80",NULL
"rural",18,"10",NULL
"highway",18,"10",NULL
"urban",19,"80",NULL
"rural",19,"10",NULL
"highway",19,"10",NULL
"urban",20,"80",NULL
"rural",20,"10",NULL
"highway",20,"10",NULL
"rural",21,"10",NULL
"highway",21,"10",NULL
"urban",22,"80",NULL
"rural",22,"10",NULL
"highway",22,"10",NULL
"urban",23,"80",NULL
"rural",23,"10",NULL
"highway",23,"10",NULL
"urban",24,"80",NULL
"rural",24,"10",NULL
"urban",25,"80",NULL
"rural",25,"10",NULL
"highway",25,"10",NULL
"urban",26,"80",NULL
"rural",26,"10",NULL
"highway",26,"10",NULL
"urban",27,"80",NULL
"rural",27,"10",NULL
"highway",27,"10",NULL
"urban",28,"80",NULL
"highway",28,"10",NULL
"urban",29,"80",NULL
"rural",29,"10",NULL
"highway",29,"10",NULL
"urban",30,"80",NULL
"rural",30,"10",NULL
"highway",30,"10",NULL
"urban",31,"80",NULL
"rural",31,"10",NULL
"highway",31,"10",NULL
"rural",32,"10",NULL
"highway",32,"10",NULL
"urban",33,"80",NULL
"rural",33,"10",NULL
"highway",33,"10",NULL
"urban",34,"80",NULL
"rural",34,"10",NULL
"highway",34,"10",NULL
"urban",35,"80",NULL
"rural",35,"10",NULL
"urban",36,"80",NULL
"rural",36,"10",NULL
"highway",36,"10",NULL
"urban",37,"80",NULL
"rural",37,"10",NULL
"highway",37,"10",NULL
"urban",38,"80",NULL
"rural",38,"10",NULL
"highway",38,"10",NULL
"urban",62,"80",NULL
"rural",62,"10",NULL
"highway",62,"10",NULL
"urban",63,"80",NULL
"rural",63,"10",NULL
"highway",63,"10",NULL
"urban",64,"80",NULL
"highway",64,"10",NULL
"urban",65,"80",NULL
"rural",65,"10",NULL
"highway",65,"10",NULL
"urban",66,"80",NULL
"rural",66,"10",NULL
"highway",66,"10",NULL
"urban",67,"80",NULL
"rural",67,"10",NULL
"highway",67,"10",NULL
"rural",68,"10",NULL
"highway",68,"10",NULL
"urban",69,"80",NULL
"rural",69,"10",NULL
"highway",69,"10",NULL
"urban",70,"80",NULL
"rural",70,"10",NULL
"highway",70,"10",NULL
"urban",71,"80",NULL
"rural",71,"10",NULL
"urban",72,"80",NULL
"rural",72,"10",NULL
"highway",72,"10",NULL
"urban",73,"80",NULL
"rural",73,"10",NULL
"highway",73,"10",NULL
"urban",74,"80",NULL
"rural",74,"10",NULL
"highway",74,"10",NULL
"urban",75,"80",NULL
"highway",75,"10",NULL
"urban",76,"80",NULL
"rural",76,"10",NULL
"highway",76,"10",NULL
"urban",77,"80",NULL
"rural",77,"10",NULL
"highway",77,"10",NULL
"urban",78,"80",NULL
"rural",78,"10",NULL
"highway",78,"10",NULL
"rural",79,"10",NULL
"highway",79,"10",NULL
"urban",80,"80",NULL
"rural",80,"10",NULL
"highway",80,"10",NULL
"urban",81,"80",NULL
"rural",81,"10",NULL
"highway",81,"10",NULL
"urban",82,"80",NULL
"rural",82,"10",NULL
"urban",83,"80",NULL
"rural",83,"10",NULL
"highway",83,"10",NULL
"urban",84,"80",NULL
"rural",84,"10",NULL
"highway",84,"10",NULL
"urban",85,"80",NULL
"rural",85,"10",NULL
"highway",85,"10",NULL
"urban",86,"80",NULL
"highway",86,"10",NULL
"urban",87,"80",NULL
"rural",87,"10",NULL
"highway",87,"10",NULL
"urban",88,"80",NULL
"rural",88,"10",NULL
"highway",88,"10",NULL
"urban",89,"80",NULL
"rural",89,"10",NULL
"highway",89,"10",NULL
"rural",90,"10",NULL
"highway",90,"10",NULL
"urban",91,"80",NULL
"rural",91,"10",NULL
"highway",91,"10",NULL
"urban",92,"80",NULL
"rural",92,"10",NULL
"highway",92,"10",NULL
"urban",93,"80",NULL
"rural",93,"10",NULL
"urban",94,"80",NULL
"rural",94,"10",NULL
"highway",94,"10",NULL
"urban",95,"80",NULL
"rural",95,"10",NULL
"highway",95,"10",NULL
"urban",96,"80",NULL
"rural",96,"10",NULL
"highway",96,"10",NULL
"urban",97,"80",NULL
"highway",97,"10",NULL
"urban",98,"80",NULL
"rural",98,"10",NULL
"highway",98,"10",NULL
"urban",99,"80",NULL
"rural",99,"10",NULL
"highway",99,"10",NULL
"urban",100,"80",NULL
"rural",100,"10",NULL
"highway",123,"10",NULL
"urban",124,"80",NULL
"rural",124,"10",NULL
"highway",124,"10",NULL
"urban",125,"80",NULL
"rural",125,"10",NULL
"highway",125,"10",NULL
"rural",126,"10",NULL
"highway",126,"10",NULL
"urban",127,"80",NULL
"rural",127,"10",NULL
"highway",127,"10",NULL
"urban",128,"80",NULL
"rural",128,"10",NULL
"highway",128,"10",NULL
"urban",129,"80",NULL
"rural",129,"10",NULL
"urban",130,"80",NULL
"rural",130,"10",NULL
"highway",130,"10",NULL
"urban",131,"80",NULL
"rural",131,"10",NULL
"highway",131,"10",NULL
"urban",132,"80",NULL
"rural",132,"10",NULL
"highway",132,"10",NULL
"urban",133,"80",NULL
"highway",133,"10",NULL
"urban",134,"80",NULL
"rural",134,"10",NULL
"highway",134,"10",NULL
"urban",135,"80",NULL
"rural",135,"10",NULL
"highway",135,"10",NULL
"urban",136,"80",NULL
"rural",136,"10",NULL
"highway",136,"10",NULL
"rural",137,"10",NULL
"highway",137,"10",NULL
"urban",138,"80",NULL
"rural",138,"10",NULL
"highway",138,"10",NULL
"urban",139,"80",NULL
"rural",139,"10",NULL
"highway",139,"10",NULL
"urban",140,"80",NULL
"rural",140,"10",NULL
"urban",141,"80",NULL
"rural",141,"10",NULL
"highway",141,"10",NULL
"urban",142,"80",NULL
"rural",142,"10",NULL
"highway",142,"10",NULL
"urban",143,"80",NULL
"rural",143,"10",NULL
"highway",143,"10",NULL
"urban",144,"80",NULL
"highway",144,"10",NULL
"urban",145,"80",NULL
"rural",145,"10",NULL
"highway",145,"10",NULL
"urban",146,"80",NULL
"rural",146,"10",NULL
"highway",146,"10",NULL
"urban",147,"80",NULL
"rural",147,"10",NULL
"highway",147,"10",NULL
"rural",148,"10",NULL
"highway",148,"10",NULL
"urban",149,"80",NULL
"rural",149,"10",NULL
"highway",149,"10",NULL
"urban",150,"80",NULL
"rural",150,"10",NULL
"highway",150,"10",NULL
"urban",151,"80",NULL
"rural",151,"10",NULL
"urban",152,"80",NULL
"rural",152,"10",NULL
"highway",152,"10",NULL
"urban",153,"80",NULL
"rural",153,"10",NULL
"highway",153,"10",NULL
"urban",154,"80",NULL
"rural",154,"10",NULL
"highway",154,"10",NULL
"urban",155,"80",NULL
"highway",155,"10",NULL
"urban",156,"80",NULL
"rural",156,"10",NULL
"highway",156,"10",NULL
"urban",157,"80",NULL
"rural",157,"10",NULL
"highway",157,"10",NULL
"urban",158,"80",NULL
"rural",158,"10",NULL
"highway",158,"10",NULL
"rural",159,"10",NULL
"highway",159,"10",NULL
"urban",160,"80",NULL
"rural",160,"10",NULL
"highway",160,"10",NULL
"urban",161,"80",NULL
"rural",161,"10",NULL
"highway",161,"10",NULL
"urban",162,"80",NULL
"rural",185,"10",NULL
"highway",185,"10",NULL
"urban",186,"80",NULL
"rural",186,"10",NULL
"highway",186,"10",NULL
"urban",187,"80",NULL
"rural",187,"10",NULL
"urban",188,"80",NULL
"rural",188,"10",NULL
"highway",188,"10",NULL
"urban",189,"80",NULL
"rural",189,"10",NULL
"highway",189,"10",NULL
"urban",190,"80",NULL
"rural",190,"10",NULL
"highway",190,"10",NULL
"urban",191,"80",NULL
"highway",191,"10",NULL
"urban",192,"80",NULL
"rural",192,"10",NULL
"highway",192,"10",NULL
"urban",193,"80",NULL
"rural",193,"10",NULL
"highway",193,"10",NULL
"urban",194,"80",NULL
"rural",194,"10",NULL
"highway",194,"10",NULL
"rural",195,"10",NULL
"highway",195,"10",NULL
"urban",196,"80",NULL
"rural",196,"10",NULL
"highway",196,"10",NULL
"urban",197,"80",NULL
"rural",197,"10",NULL
"highway",197,"10",NULL
"urban",198,"80",NULL
"rural",198,"10",NULL
"urban",199,"80",NULL
"rural",199,"10",NULL
"highway",199,"10",NULL
"urban",200,"80",NULL
"rural",200,"10",NULL
"highway",200,"10",NULL
"urban",201,"80",NULL
"rural",201,"10",NULL
"highway",201,"10",NULL
"urban",202,"80",NULL
"highway",202,"10",NULL
"urban",203,"80",NULL
"rural",203,"10",NULL
"highway",203,"10",NULL
"urban",204,"80",NULL
"rural",204,"10",NULL
"highway",204,"10",NULL
"urban",205,"80",NULL
"rural",205,"10",NULL
"highway",205,"10",NULL
"rural",206,"10",NULL
"highway",206,"10",NULL
"urban",207,"80",NULL
"rural",207,"10",NULL
"highway",207,"10",NULL
"urban",208,"80",NULL
"rural",208,"10",NULL
"highway",208,"10",NULL
"urban",209,"80",NULL
"rural",209,"10",NULL
"urban",210,"80",NULL
"rural",210,"10",NULL
"highway",210,"10",NULL
"urban",211,"80",NULL
"rural",211,"10",NULL
"highway",211,"10",NULL
"urban",212,"80",NULL
"rural",212,"10",NULL
"highway",212,"10",NULL
"urban",213,"80",NULL
"highway",213,"10",NULL
"urban",214,"80",NULL
"rural",214,"10",NULL
"highway",214,"10",NULL
"urban",215,"80",NULL
"rural",215,"10",NULL
"highway",215,"10",NULL
"urban",216,"80",NULL
"rural",216,"10",NULL
"highway",216,"10",NULL
"rural",217,"10",NULL
"highway",217,"10",NULL
"urban",218,"80",NULL
"rural",218,"10",NULL
"highway",218,"10",NULL
"urban",219,"80",NULL
"rural",219,"10",NULL
"highway",219,"10",NULL
"urban",220,"80",NULL
"rural",220,"10",NULL
"urban",221,"80",NULL
"rural",221,"10",NULL
"highway",221,"10",NULL
"urban",222,"80",NULL
"rural",222,"10",NULL
"highway",222,"10",NULL
"urban",223,"80",NULL
"rural",223,"10",NULL
"highway",223,"10",NULL
"urban",247,"80",NULL
"rural",247,"10",NULL
"highway",247,"10",NULL
"urban",248,"80",NULL
"rural",248,"10",NULL
"highway",248,"10",NULL
"urban",249,"80",NULL
"highway",249,"10",NULL
"urban",250,"80",NULL
"rural",250,"10",NULL
"highway",250,"10",NULL
"urban",251,"80",NULL
"rural",251,"10",NULL
"highway",251,"10",NULL
"urban",252,"80",NULL
"rural",252,"10",NULL
"highway",252,"10",NULL
"rural",253,"10",NULL
"highway",253,"10",NULL
"urban",254,"80",NULL
"rural",254,"10",NULL
"highway",254,"10",NULL
"urban",255,"80",NULL
"rural",255,"10",NULL
"highway",255,"10",NULL
"urban",256,"80",NULL
"rural",256,"10",NULL
"urban",257,"80",NULL
"rural",257,"10",NULL
"highway",257,"10",NULL
"urban",258,"80",NULL
"rural",258,"10",NULL
"highway",258,"10",NULL
"urban",259,"80",NULL
"rural",259,"10",NULL
"highway",259,"10",NULL
"urban",260,"80",NULL
"highway",260,"10",NULL
"urban",261,"80",NULL
"rural",261,"10",NULL
"highway",261,"10",NULL
"urban",262,"80",NULL
"rural",262,"10",NULL
"highway",262,"10",NULL
"urban",263,"80",NULL
"rural",263,"10",NULL
"highway",263,"10",NULL
"rural",264,"10",NULL
"highway",264,"10",NULL
"urban",265,"80",NULL
"rural",265,"10",NULL
"highway",265,"10",NULL
"urban",266,"80",NULL
"rural",266,"10",NULL
"highway",266,"10",NULL
"urban",267,"80",NULL
"rural",267,"10",NULL
"urban",268,"80",NULL
"rural",268,"10",NULL
"highway",268,"10",NULL
"urban",269,"80",NULL
"rural",269,"10",NULL
"highway",269,"10",NULL
"urban",270,"80",NULL
"rural",270,"10",NULL
"highway",270,"10",NULL
"urban",271,"80",NULL
"highway",271,"10",NULL
"urban",272,"80",NULL
"rural",272,"10",NULL
"highway",272,"10",NULL
"urban",273,"80",NULL
"rural",273,"10",NULL
"highway",273,"10",NULL
"urban",274,"80",NULL
"rural",274,"10",NULL
"highway",274,"10",NULL
"rural",275,"10",NULL
"highway",275,"10",NULL
"urban",276,"80",NULL
"rural",276,"10",NULL
"highway",276,"10",NULL
"urban",277,"80",NULL
"rural",277,"10",NULL
"highway",277,"10",NULL
"urban",278,"80",NULL
"rural",278,"10",NULL
"urban",279,"80",NULL
"rural",279,"10",NULL
"highway",279,"10",NULL
"urban",280,"80",NULL
"rural",280,"10",NULL
"highway",280,"10",NULL
"urban",281,"80",NULL
"rural",281,"10",NULL
"highway",281,"10",NULL
"urban",282,"80",NULL
"highway",282,"10",NULL
"urban",283,"80",NULL
"rural",283,"10",NULL
"highway",283,"10",NULL
"urban",284,"80",NULL
"rural",284,"10",NULL
"highway",284,"10",NULL
"urban",285,"80",NULL
"rural",285,"10",NULL
"highway",308,"10",NULL
"urban",309,"80",NULL
"rural",309,"10",NULL
"highway",309,"10",NULL
"urban",310,"80",NULL
"rural",310,"10",NULL
"highway",310,"10",NULL
"rural",311,"10",NULL
"highway",311,"10",NULL
"urban",312,"80",NULL
"rural",312,"10",NULL
"highway",312,"10",NULL
"urban",313,"80",NULL
"rural",313,"10",NULL
"highway",313,"10",NULL
"urban",314,"80",NULL
"rural",314,"10",NULL
"urban",315,"80",NULL
"rural",315,"10",NULL
"highway",315,"10",NULL
"urban",316,"80",NULL
"rural",316,"10",NULL
"highway",316,"10",NULL
"urban",317,"80",NULL
"rural",317,"10",NULL
"highway",317,"10",NULL
"urban",318,"80",NULL
"highway",318,"10",NULL
"urban",319,"80",NULL
"rural",319,"10",NULL
"highway",319,"10",NULL
"urban",320,"80",NULL
"rural",320,"10",NULL
"highway",320,"10",NULL
"urban",321,"80",NULL
"rural",321,"10",NULL
"highway",321,"10",NULL
"rural",322,"10",NULL
"highway",322,"10",NULL
"urban",323,"80",NULL
"rural",323,"10",NULL
"highway",323,"10",NULL
"urban",324,"80",NULL
"rural",324,"10",NULL
"highway",324,"10",NULL
"urban",325,"80",NULL
"rural",325,"10",NULL
"urban",326,"80",NULL
"rural",326,"10",NULL
"highway",326,"10",NULL
"urban",327,"80",NULL
"rural",327,"10",NULL
"highway",327,"10",NULL
"urban",328,"80",NULL
"rural",328,"10",NULL
"highway",328,"10",NULL
"urban",329,"80",NULL
"highway",329,"10",NULL
"urban",330,"80",NULL
"rural",330,"10",NULL
"highway",330,"10",NULL
"urban",331,"80",NULL
"rural",331,"10",NULL
"highway",331,"10",NULL
"urban",332,"80",NULL
"rural",332,"10",NULL
"highway",332,"10",NULL
"rural",333,"10",NULL
"highway",333,"10",NULL
"urban",334,"80",NULL
"rural",334,"10",NULL
"highway",334,"10",NULL
"urban",335,"80",NULL
"rural",335,"10",NULL
"highway",335,"10",NULL
"urban",336,"80",NULL
"rural",336,"10",NULL
"urban",337,"80",NULL
"rural",337,"10",NULL
"highway",337,"10",NULL
"urban",338,"80",NULL
"rural",338,"10",NULL
"highway",338,"10",NULL
"urban",339,"80",NULL
"rural",339,"10",NULL
"highway",339,"10",NULL
"urban",340,"80",NULL
"highway",340,"10",NULL
"urban",341,"80",NULL
"rural",341,"10",NULL
"highway",341,"10",NULL
"urban",342,"80",NULL
"rural",342,"10",NULL
"highway",342,"10",NULL
"urban",343,"80",NULL
"rural",343,"10",NULL
"highway",343,"10",NULL
"rural",344,"10",NULL
"highway",344,"10",NULL
"urban",345,"80",NULL
"rural",345,"10",NULL
"highway",345,"10",NULL
"urban",346,"80",NULL
"rural",346,"10",NULL
"highway",346,"10",NULL
"urban",347,"80",NULL
"rural",370,"10",NULL
"highway",370,"10",NULL
"urban",371,"80",NULL
"rural",371,"10",NULL
"highway",371,"10",NULL
"urban",372,"80",NULL
"rural",372,"10",NULL
"urban",373,"80",NULL
"rural",373,"10",NULL
"highway",373,"10",NULL
"urban",374,"80",NULL
"rural",374,"10",NULL
"highway",374,"10",NULL
"urban",375,"80",NULL
"rural",375,"10",NULL
"highway",375,"10",NULL
"urban",376,"80",NULL
"highway",376,"10",NULL
"urban",377,"80",NULL
"rural",377,"10",NULL
"highway",377,"10",NULL
"urban",378,"80",NULL
"rural",378,"10",NULL
"highway",378,"10",NULL
"urban",379,"80",NULL
"rural",379,"10",NULL
"highway",379,"10",NULL
"rural",380,"10",NULL
"highway",380,"10",NULL
"urban",381,"80",NULL
"rural",381,"10",NULL
"highway",381,"10",NULL
"urban",382,"80",NULL
"rural",382,"10",NULL
"highway",382,"10",NULL
"urban",383,"80",NULL
"rural",383,"10",NULL
"urban",384,"80",NULL
"rural",384,"10",NULL
"highway",384,"10",NULL
"urban",385,"80",NULL
"rural",385,"10",NULL
"highway",385,"10",NULL
"urban",386,"80",NULL
"rural",386,"10",NULL
"highway",386,"10",NULL
"urban",387,"80",NULL
"highway",387,"10",NULL
"urban",388,"80",NULL
"rural",388,"10",NULL
"highway",388,"10",NULL
"urban",389,"80",NULL
"rural",389,"10",NULL
"highway",389,"10",NULL
"urban",390,"80",NULL
"rural",390,"10",NULL
"highway",390,"10",NULL
"rural",391,"10",NULL
"highway",391,"10",NULL
"urban",392,"80",NULL
"rural",392,"10",NULL
"highway",392,"10",NULL
"urban",393,"80",NULL
"rural",393,"10",NULL
"highway",393,"10",NULL
"urban",394,"80",NULL
"rural",394,"10",NULL
"urban",395,"80",NULL
"rural",395,"10",NULL
"highway",395,"10",NULL
"urban",396,"80",NULL
"rural",396,"10",NULL
"highway",396,"10",NULL
"urban",397,"80",NULL
"rural",397,"10",NULL
"highway",397,"10",NULL
"urban",398,"80",NULL
"highway",398,"10",NULL
"urban",399,"80",NULL
"rural",399,"10",NULL
"highway",399,"10",NULL
"urban",400,"80",NULL
"rural",400,"10",NULL
"highway",400,"10",NULL
"urban",401,"80",NULL
"rural",401,"10",NULL
"highway",401,"10",NULL
"rural",402,"10",NULL
"highway",402,"10",NULL
"urban",403,"80",NULL
"rural",403,"10",NULL
"highway",403,"10",NULL
"urban",404,"80",NULL
"rural",404,"10",NULL
"highway",404,"10",NULL
"urban",405,"80",NULL
"rural",405,"10",NULL
"urban",406,"80",NULL
"rural",406,"10",NULL
"highway",406,"10",NULL
"urban",407,"80",NULL
"rural",407,"10",NULL
"highway",407,"10",NULL
"urban",408,"80",NULL
"rural",408,"10",NULL
"highway",408,"10",NULL
"urban",432,"80",NULL
"rural",432,"10",NULL
"highway",432,"10",NULL
"urban",433,"80",NULL
"rural",433,"10",NULL
"highway",433,"10",NULL
"urban",434,"80",NULL
"highway",434,"10",NULL
"urban",435,"80",NULL
"rural",435,"10",NULL
"highway",435,"10",NULL
"urban",436,"80",NULL
"rural",436,"10",NULL
"highway",436,"10",NULL
"urban",437,"80",NULL
"rural",437,"10",NULL
"highway",437,"10",NULL
"rural",438,"10",NULL
"highway",438,"10",NULL
"urban",439,"80",NULL
"rural",439,"10",NULL
"highway",439,"10",NULL
"urban",440,"80",NULL
"rural",440,"10",NULL
"highway",440,"10",NULL
"urban",441,"80",NULL
"rural",441,"10",NULL
"urban",442,"80",NULL
"rural",442,"10",NULL
"highway",442,"10",NULL
"urban",443,"80",NULL
"rural",443,"10",NULL
"highway",443,"10",NULL
"urban",444,"80",NULL
"rural",444,"10",NULL
"highway",444,"10",NULL
"urban",445,"80",NULL
"highway",445,"10",NULL
"urban",446,"80",NULL
"rural",446,"10",NULL
"highway",446,"10",NULL
"urban",447,"80",NULL
"rural",447,"10",NULL
"highway",447,"10",NULL
"urban",448,"80",NULL
"rural",448,"10",NULL
"highway",448,"10",NULL
"rural",449,"10",NULL
"highway",449,"10",NULL
"urban",450,"80",NULL
"rural",450,"10",NULL
"highway",450,"10",NULL
"urban",451,"80",NULL
"rural",451,"10",NULL
"highway",451,"10",NULL
"urban",452,"80",NULL
"rural",452,"10",NULL
"urban",453,"80",NULL
"rural",453,"10",NULL
"highway",453,"10",NULL
"urban",454,"80",NULL
"rural",454,"10",NULL
"highway",454,"10",NULL
"urban",455,"80",NULL
"rural",455,"10",NULL
"highway",455,"10",NULL
"urban",456,"80",NULL
"highway",456,"10",NULL
"urban",457,"80",NULL
"rural",457,"10",NULL
"highway",457,"10",NULL
"urban",458,"80",NULL
"rural",458,"10",NULL
"highway",458,"10",NULL
"urban",459,"80",NULL
"rural",459,"10",NULL
"highway",459,"10",NULL
"rural",460,"10",NULL
"highway",460,"10",NULL
"urban",461,"80",NULL
"rural",461,"10",NULL
"highway",461,"10",NULL
"urban",462,"80",NULL
"rural",462,"10",NULL
"highway",462,"10",NULL
"urban",463,"80",NULL
"rural",463,"10",NULL
"urban",464,"80",NULL
"rural",464,"10",NULL
"highway",464,"10",NULL
"urban",465,"80",NULL
"rural",465,"10",NULL
"highway",465,"10",NULL
"urban",466,"80",NULL
"rural",466,"10",NULL
"highway",466,"10",NULL
"urban",467,"80",NULL
"highway",467,"10",NULL
"urban",468,"80",NULL
"rural",468,"10",NULL
"highway",468,"10",NULL
"urban",469,"80",NULL
"rural",469,"10",NULL
"highway",469,"10",NULL
"urban",470,"80",NULL
"rural",470,"10",NULL
"highway",493,"10",NULL
"urban",494,"80",NULL
"rural",494,"10",NULL
"highway",494,"10",NULL
"urban",495,"80",NULL
"rural",495,"10",NULL
"highway",495,"10",NULL
"rural",496,"10",NULL
"highway",496,"10",NULL
"urban",497,"80",NULL
"rural",497,"10",NULL
"highway",497,"10",NULL
"urban",498,"80",NULL
"rural",498,"10",NULL
"highway",498,"10",NULL
"urban",499,"80",NULL
"rural",499,"10",NULL
"urban",500,"80",NULL
"rural",500,"10",NULL
"highway",500,"10",NULL
"urban",501,"80",NULL
"rural",501,"10",NULL
"highway",501,"10",NULL
"urban",502,"80",NULL
"rural",502,"10",NULL
"highway",502,"10",NULL
"urban",503,"80",NULL
"highway",503,"10",NULL
"urban",504,"80",NULL
"rural",504,"10",NULL
"highway",504,"10",NULL
"urban",505,"80",NULL
"rural",505,"10",NULL
"highway",505,"10",NULL
"urban",506,"80",NULL
"rural",506,"10",NULL
"highway",506,"10",NULL
"rural",507,"10",NULL
"highway",507,"10",NULL
"urban",508,"80",NULL
"rural",508,"10",NULL
"highway",508,"10",NULL
"urban",509,"80",NULL
"rural",509,"10",NULL
"highway",509,"10",NULL
"urban",510,"80",NULL
"rural",510,"10",NULL
"urban",511,"80",NULL
"rural",511,"10",NULL
"highway",511,"10",NULL
"urban",512,"80",NULL
"rural",512,"10",NULL
"highway",512,"10",NULL
"urban",513,"80",NULL
"rural",513,"10",NULL
"highway",513,"10",NULL
"urban",514,"80",NULL
"highway",514,"10",NULL
"urban",515,"80",NULL
"rural",515,"10",NULL
"highway",515,"10",NULL
"urban",516,"80",NULL
"rural",516,"10",NULL
"highway",516,"10",NULL
"urban",517,"80",NULL
"rural",517,"10",NULL
"highway",517,"10",NULL
"rural",518,"10",NULL
"highway",518,"10",NULL
"urban",519,"80",NULL
"rural",519,"10",NULL
"highway",519,"10",NULL
"urban",520,"80",NULL
"rural",520,"10",NULL
"highway",520,"10",NULL
"urban",521,"80",NULL
"rural",521,"10",NULL
"urban",522,"80",NULL
"rural",522,"10",NULL
"highway",522,"10",NULL
"urban",523,"80",NULL
"rural",523,"10",NULL
"highway",523,"10",NULL
"urban",524,"80",NULL
"rural",524,"10",NULL
"highway",524,"10",NULL
"urban",525,"80",NULL
"highway",525,"10",NULL
"urban",526,"80",NULL
"rural",526,"10",NULL
"highway",526,"10",NULL
"urban",527,"80",NULL
"rural",527,"10",NULL
"highway",527,"10",NULL
"urban",528,"80",NULL
"rural",528,"10",NULL
"highway",528,"10",NULL
"rural",529,"10",NULL
"highway",529,"10",NULL
"urban",530,"80",NULL
"rural",530,"10",NULL
"highway",530,"10",NULL
"urban",531,"80",NULL
"rural",531,"10",NULL
"highway",531,"10",NULL
"urban",532,"80",NULL
"rural",555,"10",NULL
"highway",555,"10",NULL
"urban",556,"80",NULL
"rural",556,"10",NULL
"highway",556,"10",NULL
"urban",557,"80",NULL
"rural",557,"10",NULL
"urban",558,"80",NULL
"rural",558,"10",NULL
"highway",558,"10",NULL
"urban",559,"80",NULL
"rural",559,"10",NULL
"highway",559,"10",NULL
"urban",560,"80",NULL
"rural",560,"10",NULL
"highway",560,"10",NULL
"urban",561,"80",NULL
"highway",561,"10",NULL
"urban",562,"80",NULL
"rural",562,"10",NULL
"highway",562,"10",NULL
"urban",563,"80",NULL
"rural",563,"10",NULL
"highway",563,"10",NULL
"urban",564,"80",NULL
"rural",564,"10",NULL
"highway",564,"10",NULL
"rural",565,"10",NULL
"highway",565,"10",NULL
"urban",566,"80",NULL
"rural",566,"10",NULL
"highway",566,"10",NULL
"urban",567,"80",NULL
"rural",567,"10",NULL
"highway",567,"10",NULL
"urban",568,"80",NULL
"rural",568,"10",NULL
"urban",569,"80",NULL
"rural",569,"10",NULL
"highway",569,"10",NULL
"urban",570,"80",NULL
"rural",570,"10",NULL
"highway",570,"10",NULL
"urban",571,"80",NULL
"rural",571,"10",NULL
"highway",571,"10",NULL
"urban",572,"80",NULL
"highway",572,"10",NULL
"urban",573,"80",NULL
"rural",573,"10",NULL
"highway",573,"10",NULL
"urban",574,"80",NULL
"rural",574,"10",NULL
"highway",574,"10",NULL
"urban",575,"80",NULL
"rural",575,"10",NULL
"highway",575,"10",NULL
"rural",576,"10",NULL
"highway",576,"10",NULL
"urban",577,"80",NULL
"rural",577,"10",NULL
"highway",577,"10",NULL
"urban",578,"80",NULL
"rural",578,"10",NULL
"highway",578,"10",NULL
"urban",579,"80",NULL
"rural",579,"10",NULL
"urban",580,"80",NULL
"rural",580,"10",NULL
"highway",580,"10",NULL
"urban",581,"80",NULL
"rural",581,"10",NULL
"highway",581,"10",NULL
"urban",582,"80",NULL
"rural",582,"10",NULL
"highway",582,"10",NULL
"urban",583,"80",NULL
"highway",583,"10",NULL
"urban",584,"80",NULL
"rural",584,"10",NULL
"highway",584,"10",NULL
"urban",585,"80",NULL
"rural",585,"10",NULL
"highway",585,"10",NULL
"urban",586,"80",NULL
"rural",586,"10",NULL
"highway",586,"10",NULL
"rural",587,"10",NULL
"highway",587,"10",NULL
"urban",588,"80",NULL
"rural",588,"10",NULL
"highway",588,"10",NULL
"urban",589,"80",NULL
"rural",589,"10",NULL
"highway",589,"10",NULL
"urban",590,"80",NULL
"rural",590,"10",NULL
"urban",591,"80",NULL
"rural",591,"10",NULL
"highway",591,"10",NULL
"urban",592,"80",NULL
"rural",592,"10",NULL
"highway",592,"10",NULL
"urban",593,"80",NULL
"rural",593,"10",NULL
"highway",593,"10",NULL
"urban",0,"80",NULL
"highway",2,"10",NULL
"rural",6,"10",NULL
"urban",10,"80",NULL
"highway",13,"10",NULL
"rural",17,"10",NULL
"urban",21,"80",NULL
"highway",24,"10",NULL
"rural",28,"10",NULL
"urban",32,"80",NULL
"highway",35,"10",NULL
"urban",39,"80",NULL
"rural",39,"10",NULL
"highway",39,"10",NULL
"urban",40,"80",NULL
"rural",40,"10",NULL
"highway",40,"10",NULL
"urban",41,"80",NULL
"rural",41,"10",NULL
"highway",41,"10",NULL
"urban",42,"80",NULL
"rural",42,"10",NULL
"highway",42,"10",NULL
"urban",43,"80",NULL
"rural",43,"10",NULL
"highway",43,"10",NULL
"urban",44,"80",NULL
"rural",44,"10",NULL
"highway",44,"10",NULL
"urban",45,"80",NULL
"rural",45,"10",NULL
"highway",45,"10",NULL
"urban",46,"80",NULL
"rural",46,"10",NULL
"highway",46,"10",NULL
"urban",47,"80",NULL
"rural",47,"10",NULL
"highway",47,"10",NULL
"urban",48,"80",NULL
"rural",48,"10",NULL
"highway",48,"10",NULL
"urban",49,"80",NULL
"rural",49,"10",NULL
"highway",49,"10",NULL
"urban",50,"80",NULL
"rural",50,"10",NULL
"highway",50,"10",NULL
"urban",51,"80",NULL
"rural",51,"10",NULL
"highway",51,"10",NULL
"urban",52,"80",NULL
"rural",52,"10",NULL
"highway",52,"10",NULL
"urban",53,"80",NULL
"rural",53,"10",NULL
"highway",53,"10",NULL
"urban",54,"80",NULL
"rural",54,"10",NULL
"highway",54,"10",NULL
"urban",55,"80",NULL
"rural",55,"10",NULL
"highway",55,"10",NULL
"urban",56,"80",NULL
"rural",56,"10",NULL
"highway",56,"10",NULL
"urban",57,"80",NULL
"rural",57,"10",NULL
"highway",57,"10",NULL
"urban",58,"80",NULL
"rural",58,"10",NULL
"highway",58,"10",NULL
"urban",59,"80",NULL
"rural",59,"10",NULL
"highway",59,"10",NULL
"urban",60,"80",NULL
"rural",60,"10",NULL
"urban",617,"80",NULL
"rural",617,"10",NULL
"highway",617,"10",NULL
"urban",618,"80",NULL
"rural",618,"10",NULL
"highway",618,"10",NULL
"urban",619,"80",NULL
"highway",619,"10",NULL
"urban",620,"80",NULL
"rural",620,"10",NULL
"highway",620,"10",NULL
"urban",621,"80",NULL
"rural",621,"10",NULL
"highway",621,"10",NULL
"urban",622,"80",NULL
"rural",622,"10",NULL
"highway",622,"10",NULL
"rural",623,"10",NULL
"highway",623,"10",NULL
"urban",624,"80",NULL
"rural",624,"10",NULL
"highway",624,"10",NULL
"urban",625,"80",NULL
"rural",625,"10",NULL
"highway",625,"10",NULL
"urban",626,"80",NULL
"rural",626,"10",NULL
"urban",627,"80",NULL
"rural",627,"10",NULL
"highway",627,"10",NULL
"urban",628,"80",NULL
"rural",628,"10",NULL
"highway",628,"10",NULL
"urban",629,"80",NULL
"rural",629,"10",NULL
"highway",629,"10",NULL
"urban",630,"80",NULL
"highway",630,"10",NULL
"urban",631,"80",NULL
"rural",631,"10",NULL
"highway",631,"10",NULL
"urban",632,"80",NULL
"rural",632,"10",NULL
"highway",632,"10",NULL
"urban",633,"80",NULL
"rural",633,"10",NULL
"highway",633,"10",NULL
"rural",634,"10",NULL
"highway",634,"10",NULL
"urban",635,"80",NULL
"rural",635,"10",NULL
"highway",635,"10",NULL
"urban",636,"80",NULL
"rural",636,"10",NULL
"highway",636,"10",NULL
"urban",637,"80",NULL
"rural",637,"10",NULL
"urban",638,"80",NULL
"rural",638,"10",NULL
"highway",638,"10",NULL
"urban",639,"80",NULL
"rural",639,"10",NULL
"highway",639,"10",NULL
"urban",640,"80",NULL
"rural",640,"10",NULL
"highway",640,"10",NULL
"urban",641,"80",NULL
"highway",641,"10",NULL
"urban",642,"80",NULL
"rural",642,"10",NULL
"highway",642,"10",NULL
"urban",643,"80",NULL
"rural",643,"10",NULL
"highway",643,"10",NULL
"urban",644,"80",NULL
"rural",644,"10",NULL
"highway",644,"10",NULL
"rural",645,"10",NULL
"highway",645,"10",NULL
"urban",646,"80",NULL
"rural",646,"10",NULL
"highway",646,"10",NULL
"urban",647,"80",NULL
"rural",647,"10",NULL
"highway",647,"10",NULL
"urban",648,"80",NULL
"rural",648,"10",NULL
"urban",649,"80",NULL
"rural",649,"10",NULL
"highway",649,"10",NULL
"urban",650,"80",NULL
"rural",650,"10",NULL
"highway",650,"10",NULL
"urban",651,"80",NULL
"rural",651,"10",NULL
"highway",651,"10",NULL
"urban",652,"80",NULL
"highway",652,"10",NULL
"highway",60,"10",NULL
"urban",61,"80",NULL
"rural",61,"10",NULL
"highway",61,"10",NULL
"rural",64,"10",NULL
"urban",68,"80",NULL
"highway",71,"10",NULL
"rural",75,"10",NULL
"urban",79,"80",NULL
"highway",82,"10",NULL
"rural",86,"10",NULL
"urban",90,"80",NULL
"highway",93,"10",NULL
"rural",97,"10",NULL
"highway",100,"10",NULL
"urban",101,"80",NULL
"rural",101,"10",NULL
"highway",101,"10",NULL
"urban",102,"80",NULL
"rural",102,"10",NULL
"highway",102,"10",NULL
"urban",103,"80",NULL
"rural",103,"10",NULL
"highway",103,"10",NULL
"urban",104,"80",NULL
"rural",104,"10",NULL
"highway",104,"10",NULL
"urban",105,"80",NULL
"rural",105,"10",NULL
"highway",105,"10",NULL
"urban",106,"80",NULL
"rural",106,"10",NULL
"highway",106,"10",NULL
"urban",107,"80",NULL
"rural",107,"10",NULL
"highway",107,"10",NULL
"urban",108,"80",NULL
"rural",108,"10",NULL
"highway",108,"10",NULL
"urban",109,"80",NULL
"rural",109,"10",NULL
"highway",109,"10",NULL
"urban",110,"80",NULL
"rural",110,"10",NULL
"highway",110,"10",NULL
"urban",111,"80",NULL
"rural",111,"10",NULL
"highway",111,"10",NULL
"urban",112,"80",NULL
"rural",112,"10",NULL
"highway",112,"10",NULL
"urban",113,"80",NULL
"rural",113,"10",NULL
"highway",113,"10",NULL
"urban",114,"80",NULL
"rural",114,"10",NULL
"highway",114,"10",NULL
"urban",115,"80",NULL
"rural",115,"10",NULL
"highway",115,"10",NULL
"urban",116,"80",NULL
"rural",116,"10",NULL
"highway",116,"10",NULL
"urban",117,"80",NULL
"rural",117,"10",NULL
"highway",117,"10",NULL
"urban",118,"80",NULL
"rural",118,"10",NULL
"highway",118,"10",NULL
"urban",119,"80",NULL
"rural",119,"10",NULL
"highway",119,"10",NULL
"urban",120,"80",NULL
"rural",120,"10",NULL
"highway",120,"10",NULL
"urban",121,"80",NULL
"rural",121,"10",NULL
"highway",121,"10",NULL
"urban",122,"80",NULL
"rural",122,"10",NULL
"highway",122,"10",NULL
"urban",123,"80",NULL
"rural",123,"10",NULL
"urban",126,"80",NULL
"highway",129,"10",NULL
"rural",133,"10",NULL
"urban",137,"80",NULL
"highway",140,"10",NULL
"rural",144,"10",NULL
"urban",148,"80",NULL
"highway",151,"10",NULL
"rural",155,"10",NULL
"urban",159,"80",NULL
"rural",162,"10",NULL
"highway",162,"10",NULL
"urban",163,"80",NULL
"rural",163,"10",NULL
"highway",163,"10",NULL
"urban",164,"80",NULL
"rural",164,"10",NULL
"highway",164,"10",NULL
"urban",165,"80",NULL
"rural",165,"10",NULL
"highway",165,"10",NULL
"urban",166,"80",NULL
"rural",166,"10",NULL
"highway",166,"10",NULL
"urban",167,"80",NULL
"rural",167,"10",NULL
"highway",167,"10",NULL
"urban",168,"80",NULL
"rural",168,"10",NULL
"highway",168,"10",NULL
"urban",169,"80",NULL
"rural",169,"10",NULL
"highway",169,"10",NULL
"urban",170,"80",NULL
"rural",170,"10",NULL
"highway",170,"10",NULL
"urban",171,"80",NULL
"rural",171,"10",NULL
"highway",171,"10",NULL
"urban",172,"80",NULL
"rural",172,"10",NULL
"highway",172,"10",NULL
"urban",173,"80",NULL
"rural",173,"10",NULL
"highway",173,"10",NULL
"urban",174,"80",NULL
"rural",174,"10",NULL
"highway",174,"10",NULL
"urban",175,"80",NULL
"rural",175,"10",NULL
"highway",175,"10",NULL
"urban",176,"80",NULL
"rural",176,"10",NULL
"highway",176,"10",NULL
"urban",177,"80",NULL
"rural",177,"10",NULL
"highway",177,"10",NULL
"urban",178,"80",NULL
"rural",178,"10",NULL
"highway",178,"10",NULL
"urban",179,"80",NULL
"rural",179,"10",NULL
"highway",179,"10",NULL
"urban",180,"80",NULL
"rural",180,"10",NULL
"highway",180,"10",NULL
"urban",181,"80",NULL
"rural",181,"10",NULL
"highway",181,"10",NULL
"urban",182,"80",NULL
"rural",182,"10",NULL
"highway",182,"10",NULL
"urban",183,"80",NULL
"rural",183,"10",NULL
"highway",183,"10",NULL
"urban",184,"80",NULL
"rural",184,"10",NULL
"highway",184,"10",NULL
"urban",185,"80",NULL
"highway",187,"10",NULL
"rural",191,"10",NULL
"urban",195,"80",NULL
"highway",198,"10",NULL
"rural",202,"10",NULL
"urban",206,"80",NULL
"highway",209,"10",NULL
"rural",213,"10",NULL
"urban",217,"80",NULL
"highway",220,"10",NULL
"urban",224,"80",NULL
"rural",224,"10",NULL
"highway",224,"10",NULL
"urban",225,"80",NULL
"rural",225,"10",NULL
"highway",225,"10",NULL
"urban",226,"80",NULL
"rural",226,"10",NULL
"highway",226,"10",NULL
"urban",227,"80",NULL
"rural",227,"10",NULL
"highway",227,"10",NULL
"urban",228,"80",NULL
"rural",228,"10",NULL
"highway",228,"10",NULL
"urban",229,"80",NULL
"rural",229,"10",NULL
"highway",229,"10",NULL
"urban",230,"80",NULL
"rural",230,"10",NULL
"highway",230,"10",NULL
"urban",231,"80",NULL
"rural",231,"10",NULL
"highway",231,"10",NULL
"urban",232,"80",NULL
"rural",232,"10",NULL
"highway",232,"10",NULL
"urban",233,"80",NULL
"rural",233,"10",NULL
"highway",233,"10",NULL
"urban",234,"80",NULL
"rural",234,"10",NULL
"highway",234,"10",NULL
"urban",235,"80",NULL
"rural",235,"10",NULL
"highway",235,"10",NULL
"urban",236,"80",NULL
"rural",236,"10",NULL
"highway",236,"10",NULL
"urban",237,"80",NULL
"rural",237,"10",NULL
"highway",237,"10",NULL
"urban",238,"80",NULL
"rural",238,"10",NULL
"highway",238,"10",NULL
"urban",239,"80",NULL
"rural",239,"10",NULL
"highway",239,"10",NULL
"urban",240,"80",NULL
"rural",240,"10",NULL
"highway",240,"10",NULL
"urban",241,"80",NULL
"rural",241,"10",NULL
"highway",241,"10",NULL
"urban",242,"80",NULL
"rural",242,"10",NULL
"highway",242,"10",NULL
"urban",243,"80",NULL
"rural",243,"10",NULL
"highway",243,"10",NULL
"urban",244,"80",NULL
"rural",244,"10",NULL
"highway",244,"10",NULL
"urban",245,"80",NULL
"rural",245,"10",NULL
"highway",245,"10",NULL
"urban",246,"80",NULL
"rural",246,"10",NULL
"highway",246,"10",NULL
"rural",249,"10",NULL
"urban",253,"80",NULL
"highway",256,"10",NULL
"rural",260,"10",NULL
"urban",264,"80",NULL
"highway",267,"10",NULL
"rural",271,"10",NULL
"urban",275,"80",NULL
"highway",278,"10",NULL
"rural",282,"10",NULL
"highway",285,"10",NULL
"urban",286,"80",NULL
"rural",286,"10",NULL
"highway",286,"10",NULL
"urban",287,"80",NULL
"rural",287,"10",NULL
"highway",287,"10",NULL
"urban",288,"80",NULL
"rural",288,"10",NULL
"highway",288,"10",NULL
"urban",289,"80",NULL
"rural",289,"10",NULL
"highway",289,"10",NULL
"urban",290,"80",NULL
"rural",290,"10",NULL
"highway",290,"10",NULL
"urban",291,"80",NULL
"rural",291,"10",NULL
"highway",291,"10",NULL
"urban",292,"80",NULL
"rural",292,"10",NULL
"highway",292,"10",NULL
"urban",293,"80",NULL
"rural",293,"10",NULL
"highway",293,"10",NULL
"urban",294,"80",NULL
"rural",294,"10",NULL
"highway",294,"10",NULL
"urban",295,"80",NULL
"rural",295,"10",NULL
"highway",295,"10",NULL
"urban",296,"80",NULL
"rural",296,"10",NULL
"highway",296,"10",NULL
"urban",297,"80",NULL
"rural",297,"10",NULL
"highway",297,"10",NULL
"urban",298,"80",NULL
"rural",298,"10",NULL
"highway",298,"10",NULL
"urban",299,"80",NULL
"rural",299,"10",NULL
"highway",299,"10",NULL
"urban",300,"80",NULL
"rural",300,"10",NULL
"highway",300,"10",NULL
"urban",301,"80",NULL
"rural",301,"10",NULL
"highway",301,"10",NULL
"urban",302,"80",NULL
"rural",302,"10",NULL
"highway",302,"10",NULL
"urban",303,"80",NULL
"rural",303,"10",NULL
"highway",303,"10",NULL
"urban",304,"80",NULL
"rural",304,"10",NULL
"highway",304,"10",NULL
"urban",305,"80",NULL
"rural",305,"10",NULL
"highway",305,"10",NULL
"urban",306,"80",NULL
"rural",306,"10",NULL
"highway",306,"10",NULL
"urban",307,"80",NULL
"rural",307,"10",NULL
"highway",307,"10",NULL
"urban",308,"80",NULL
"rural",308,"10",NULL
"urban",311,"80",NULL
"highway",314,"10",NULL
"rural",318,"10",NULL
"urban",322,"80",NULL
"highway",325,"10",NULL
"rural",329,"10",NULL
"urban",333,"80",NULL
"highway",336,"10",NULL
"rural",340,"10",NULL
"urban",344,"80",NULL
"rural",347,"10",NULL
"highway",347,"10",NULL
"urban",348,"80",NULL
"rural",348,"10",NULL
"highway",348,"10",NULL
"urban",349,"80",NULL
"rural",349,"10",NULL
"highway",349,"10",NULL
"urban",350,"80",NULL
"rural",350,"10",NULL
"highway",350,"10",NULL
"urban",351,"80",NULL
"rural",351,"10",NULL
"highway",351,"10",NULL
"urban",352,"80",NULL
"rural",352,"10",NULL
"highway",352,"10",NULL
"urban",353,"80",NULL
"rural",353,"10",NULL
"highway",353,"10",NULL
"urban",354,"80",NULL
"rural",354,"10",NULL
"highway",354,"10",NULL
"urban",355,"80",NULL
"rural",355,"10",NULL
"highway",355,"10",NULL
"urban",356,"80",NULL
"rural",356,"10",NULL
"highway",356,"10",NULL
"urban",357,"80",NULL
"rural",357,"10",NULL
"highway",357,"10",NULL
"urban",358,"80",NULL
"rural",358,"10",NULL
"highway",358,"10",NULL
"urban",359,"80",NULL
"rural",359,"10",NULL
"highway",359,"10",NULL
"urban",360,"80",NULL
"rural",360,"10",NULL
"highway",360,"10",NULL
"urban",361,"80",NULL
"rural",361,"10",NULL
"highway",361,"10",NULL
"urban",362,"80",NULL
"rural",362,"10",NULL
"highway",362,"10",NULL
"urban",363,"80",NULL
"rural",363,"10",NULL
"highway",363,"10",NULL
"urban",364,"80",NULL
"rural",364,"10",NULL
"highway",364,"10",NULL
"urban",365,"80",NULL
"rural",365,"10",NULL
"highway",365,"10",NULL
"urban",366,"80",NULL
"rural",366,"10",NULL
"highway",366,"10",NULL
"urban",367,"80",NULL
"rural",367,"10",NULL
"highway",367,"10",NULL
"urban",368,"80",NULL
"rural",368,"10",NULL
"highway",368,"10",NULL
"urban",369,"80",NULL
"rural",369,"10",NULL
"highway",369,"10",NULL
"urban",370,"80",NULL
"highway",372,"10",NULL
"rural",376,"10",NULL
"urban",380,"80",NULL
"highway",383,"10",NULL
"rural",387,"10",NULL
"urban",391,"80",NULL
"highway",394,"10",NULL
"rural",398,"10",NULL
"urban",402,"80",NULL
"highway",405,"10",NULL
"urban",409,"80",NULL
"rural",409,"10",NULL
"highway",409,"10",NULL
"urban",410,"80",NULL
"rural",410,"10",NULL
"highway",410,"10",NULL
"urban",411,"80",NULL
"rural",411,"10",NULL
"highway",411,"10",NULL
"urban",412,"80",NULL
"rural",412,"10",NULL
"highway",412,"10",NULL
"urban",413,"80",NULL
"rural",413,"10",NULL
"highway",413,"10",NULL
"urban",414,"80",NULL
"rural",414,"10",NULL
"highway",414,"10",NULL
"urban",415,"80",NULL
"rural",415,"10",NULL
"highway",415,"10",NULL
"urban",416,"80",NULL
"rural",416,"10",NULL
"highway",416,"10",NULL
"urban",417,"80",NULL
"rural",417,"10",NULL
"highway",417,"10",NULL
"urban",418,"80",NULL
"rural",418,"10",NULL
"highway",418,"10",NULL
"urban",419,"80",NULL
"rural",419,"10",NULL
"highway",419,"10",NULL
"urban",420,"80",NULL
"rural",420,"10",NULL
"highway",420,"10",NULL
"urban",421,"80",NULL
"rural",421,"10",NULL
"highway",421,"10",NULL
"urban",422,"80",NULL
"rural",422,"10",NULL
"highway",422,"10",NULL
"urban",423,"80",NULL
"rural",423,"10",NULL
"highway",423,"10",NULL
"urban",424,"80",NULL
"rural",424,"10",NULL
"highway",424,"10",NULL
"urban",425,"80",NULL
"rural",425,"10",NULL
"highway",425,"10",NULL
"urban",426,"80",NULL
"rural",426,"10",NULL
"highway",426,"10",NULL
"urban",427,"80",NULL
"rural",427,"10",NULL
"highway",427,"10",NULL
"urban",428,"80",NULL
"rural",428,"10",NULL
"highway",428,"10",NULL
"urban",429,"80",NULL
"rural",429,"10",NULL
"highway",429,"10",NULL
"urban",430,"80",NULL
"rural",430,"10",NULL
"highway",430,"10",NULL
"urban",431,"80",NULL
"rural",431,"10",NULL
"highway",431,"10",NULL
"rural",434,"10",NULL
"urban",438,"80",NULL
"highway",441,"10",NULL
"rural",445,"10",NULL
"urban",449,"80",NULL
"highway",452,"10",NULL
"rural",456,"10",NULL
"urban",460,"80",NULL
"highway",463,"10",NULL
"rural",467,"10",NULL
"highway",470,"10",NULL
"urban",471,"80",NULL
"rural",471,"10",NULL
"highway",471,"10",NULL
"urban",472,"80",NULL
"rural",472,"10",NULL
"highway",472,"10",NULL
"urban",473,"80",NULL
"rural",473,"10",NULL
"highway",473,"10",NULL
"urban",474,"80",NULL
"rural",474,"10",NULL
"highway",474,"10",NULL
"urban",475,"80",NULL
"rural",475,"10",NULL
"highway",475,"10",NULL
"urban",476,"80",NULL
"rural",476,"10",NULL
"highway",476,"10",NULL
"urban",477,"80",NULL
"rural",477,"10",NULL
"highway",477,"10",NULL
"urban",478,"80",NULL
"rural",478,"10",NULL
"highway",478,"10",NULL
"urban",479,"80",NULL
"rural",479,"10",NULL
"highway",479,"10",NULL
"urban",480,"80",NULL
"rural",480,"10",NULL
"highway",480,"10",NULL
"urban",481,"80",NULL
"rural",481,"10",NULL
"highway",481,"10",NULL
"urban",482,"80",NULL
"rural",482,"10",NULL
"highway",482,"10",NULL
"urban",483,"80",NULL
"rural",483,"10",NULL
"highway",483,"10",NULL
"urban",484,"80",NULL
"rural",484,"10",NULL
"highway",484,"10",NULL
"urban",485,"80",NULL
"rural",485,"10",NULL
"highway",485,"10",NULL
"urban",486,"80",NULL
"rural",486,"10",NULL
"highway",486,"10",NULL
"urban",487,"80",NULL
"rural",487,"10",NULL
"highway",487,"10",NULL
"urban",488,"80",NULL
"rural",488,"10",NULL
"highway",488,"10",NULL
"urban",489,"80",NULL
"rural",489,"10",NULL
"highway",489,"10",NULL
"urban",490,"80",NULL
"rural",490,"10",NULL
"highway",490,"10",NULL
"urban",491,"80",NULL
"rural",491,"10",NULL
"highway",491,"10",NULL
"urban",492,"80",NULL
"rural",492,"10",NULL
"highway",492,"10",NULL
"urban",493,"80",NULL
"rural",493,"10",NULL
"urban",496,"80",NULL
"highway",499,"10",NULL
"rural",503,"10",NULL
"urban",507,"80",NULL
"highway",510,"10",NULL
"rural",514,"10",NULL
"urban",518,"80",NULL
"highway",521,"10",NULL
"rural",525,"10",NULL
"urban",529,"80",NULL
"rural",532,"10",NULL
"highway",532,"10",NULL
"urban",533,"80",NULL
"rural",533,"10",NULL
"highway",533,"10",NULL
"urban",534,"80",NULL
"rural",534,"10",NULL
"highway",534,"10",NULL
"urban",535,"80",NULL
"rural",535,"10",NULL
"highway",535,"10",NULL
"urban",536,"80",NULL
"rural",536,"10",NULL
"highway",536,"10",NULL
"urban",537,"80",NULL
"rural",537,"10",NULL
"highway",537,"10",NULL
"urban",538,"80",NULL
"rural",538,"10",NULL
"highway",538,"10",NULL
"urban",539,"80",NULL
"rural",539,"10",NULL
"highway",539,"10",NULL
"urban",540,"80",NULL
"rural",540,"10",NULL
"highway",540,"10",NULL
"urban",541,"80",NULL
"rural",541,"10",NULL
"highway",541,"10",NULL
"urban",542,"80",NULL
"rural",542,"10",NULL
"highway",542,"10",NULL
"urban",543,"80",NULL
"rural",543,"10",NULL
"highway",543,"10",NULL
"urban",544,"80",NULL
"rural",544,"10",NULL
"highway",544,"10",NULL
"urban",545,"80",NULL
"rural",545,"10",NULL
"highway",545,"10",NULL
"urban",546,"80",NULL
"rural",546,"10",NULL
"highway",546,"10",NULL
"urban",547,"80",NULL
"rural",547,"10",NULL
"highway",547,"10",NULL
"urban",548,"80",NULL
"rural",548,"10",NULL
"highway",548,"10",NULL
"urban",549,"80",NULL
"rural",549,"10",NULL
"highway",549,"10",NULL
"urban",550,"80",NULL
"rural",550,"10",NULL
"highway",550,"10",NULL
"urban",551,"80",NULL
"rural",551,"10",NULL
"highway",551,"10",NULL
"urban",552,"80",NULL
"rural",552,"10",NULL
"highway",552,"10",NULL
"urban",553,"80",NULL
"rural",553,"10",NULL
"highway",553,"10",NULL
"urban",554,"80",NULL
"rural",554,"10",NULL
"highway",554,"10",NULL
"urban",555,"80",NULL
"highway",557,"10",NULL
"rural",561,"10",NULL
"urban",565,"80",NULL
"highway",568,"10",NULL
"rural",572,"10",NULL
"urban",576,"80",NULL
"highway",579,"10",NULL
"rural",583,"10",NULL
"urban",587,"80",NULL
"highway",590,"10",NULL
"urban",594,"80",NULL
"rural",594,"10",NULL
"highway",594,"10",NULL
"urban",595,"80",NULL
"rural",595,"10",NULL
"highway",595,"10",NULL
"urban",596,"80",NULL
"rural",596,"10",NULL
"highway",596,"10",NULL
"urban",597,"80",NULL
"rural",597,"10",NULL
"highway",597,"10",NULL
"urban",598,"80",NULL
"rural",598,"10",NULL
"highway",598,"10",NULL
"urban",599,"80",NULL
"rural",599,"10",NULL
"highway",599,"10",NULL
"urban",600,"80",NULL
"rural",600,"10",NULL
"highway",600,"10",NULL
"urban",601,"80",NULL
"rural",601,"10",NULL
"highway",601,"10",NULL
"urban",602,"80",NULL
"rural",602,"10",NULL
"highway",602,"10",NULL
"urban",603,"80",NULL
"rural",603,"10",NULL
"highway",603,"10",NULL
"urban",604,"80",NULL
"rural",604,"10",NULL
"highway",604,"10",NULL
"urban",605,"80",NULL
"rural",605,"10",NULL
"highway",605,"10",NULL
"urban",606,"80",NULL
"rural",606,"10",NULL
"highway",606,"10",NULL
"urban",607,"80",NULL
"rural",607,"10",NULL
"highway",607,"10",NULL
"urban",608,"80",NULL
"rural",608,"10",NULL
"highway",608,"10",NULL
"urban",609,"80",NULL
"rural",609,"10",NULL
"highway",609,"10",NULL
"urban",610,"80",NULL
"rural",610,"10",NULL
"highway",610,"10",NULL
"urban",611,"80",NULL
"rural",611,"10",NULL
"highway",611,"10",NULL
"urban",612,"80",NULL
"rural",612,"10",NULL
"highway",612,"10",NULL
"urban",613,"80",NULL
"rural",613,"10",NULL
"highway",613,"10",NULL
"urban",614,"80",NULL
"rural",614,"10",NULL
"highway",614,"10",NULL
"urban",615,"80",NULL
"rural",615,"10",NULL
"highway",615,"10",NULL
"urban",616,"80",NULL
"rural",616,"10",NULL
"highway",616,"10",NULL
"rural",619,"10",NULL
"urban",623,"80",NULL
"highway",626,"10",NULL
"rural",630,"10",NULL
"urban",634,"80",NULL
"highway",637,"10",NULL
"rural",641,"10",NULL
"urban",645,"80",NULL
"highway",648,"10",NULL
"rural",652,"10",NULL
